"","SampleID","Aureispira","Bizionia","Crocinitomix","Ekhidna","Flavobacteriaceae bacterium 'BSD RB 42'","Flavobacteriaceae bacterium MEBiC05063","Flavobacterium","Fluviicola","Formosa","Gillisia","Gilvibacter","Gramella","Leeuwenhoekiella","Lutibacter","Maribacter","Marinoscillum","NS10 marine group","NS2b marine group","NS3a marine group","NS4 marine group","NS5 marine group","Owenweeksia","Pedobacter","Pibocella","Polaribacter","Psychroserpens","Reichenbachiella","Salinirepens","Sediminibacterium","Spirosoma","Subsaximicrobium","Sufflavibacter","Tenacibaculum","Ulvibacter","uncultured","uncultured bacterium","uncultured Bacteroidetes bacterium","uncultured Bacteroidetes/Chlorobi group bacterium","uncultured Flavobacteriaceae bacterium","uncultured Flavobacteriia bacterium","uncultured marine bacterium","uncultured organism","uncultured prokaryote","uncultured Sphingobacteriales bacterium HF0130","unidentified marine bacterioplankton","Winogradskyella","Station","Kim_Station","Published_station","Replicate","Published_ID","Day","Month","Year","Time","Depth","BarcodeSequence","LinkerPrimerSequence","Description","Sample_day","LonE","LatN","Depth2","Distance.km_from_TH.","Phosphate","Nitrate","Silicate","Water_mass"
"1","1A.03.15",13,1,0,0,1,119,2,17,34,0,0,0,0,0,0,19,10,106,0,95,1335,20,0,0,2,1,0,0,0,0,1,111,0,5,62,107,1,3,0,1,14,0,0,5,0,0,"1A",1,8,"A","8A",10,"March",15,434,0,"GGCGTTGCATTC","CCGGACTACHVGGGTWTCTAAT","Run2",4,171.534,-45.83,5,63.61,0.86,8.7,0.28,"SURFACE"
"2","1A.03.15.500",5,0,0,0,0,3,0,12,0,0,0,0,0,0,0,10,1,60,0,0,85,7,0,0,2,1,0,6,0,0,0,36,2,2,21,36,2,0,0,15,10,2,2,9,0,0,"1A",1,8,"A","8A",10,"March",15,434,500,"GAAGACAGCGAC","CCGGACTACHVGGGTWTCTAAT","Run2",4,171.534,-45.83,500,63.61,1.36,12.9,4.63,"DEEP"
"3","1A.04.15",2,0,0,0,0,34,0,43,4,0,0,0,0,0,0,12,23,63,0,92,676,18,0,0,12,1,1,0,0,0,0,98,0,14,118,136,2,12,0,9,12,0,0,36,8,0,"1A",1,8,"A","8A",21,"April",15,476,0,"TTGCGGACCCTA","CCGGACTACHVGGGTWTCTAAT","Run2",5,171.534,-45.829,5,63.35,0.94,10,0.55,"SURFACE"
"4","1A.06.14",3,0,0,0,0,9,0,44,1,0,0,0,0,0,0,25,17,29,0,48,524,39,0,0,0,0,0,0,0,0,0,61,2,6,52,99,1,11,0,15,20,0,0,46,0,0,"1A",1,8,"A","8A",3,"June",14,154,0,"ACAGGAGGGTGT","CCGGACTACHVGGGTWTCTAAT","Run2",1,171.532,-45.829,5,63.28,0.99,11.5,1.1,"SURFACE"
"5","1A.06.14.500",9,0,0,0,0,0,0,0,0,1,0,0,3,0,0,13,0,12,0,0,135,5,1,0,0,0,0,0,0,0,0,7,4,1,10,65,1,0,0,21,3,0,0,16,0,0,"1A",1,8,"A","8A",3,"June",14,154,500,"TAGACCGACTCC","CCGGACTACHVGGGTWTCTAAT","Run2",1,171.532,-45.829,501,63.28,1.19,16.7,3.9,"DEEP"
"6","1A.07.14",2,0,0,0,0,10,0,26,4,0,0,0,0,0,0,34,31,125,0,73,763,9,0,0,3,0,0,0,43,0,0,118,0,9,63,91,6,14,0,6,5,5,0,38,0,0,"1A",1,8,"A","8A",29,"July",14,188,0,"ACCTTGACAAGA","CCGGACTACHVGGGTWTCTAAT","Run2",2,171.534,-45.83,5,63.29,1.02,14.2,1.7,"SURFACE"
"7","1A.07.14.500",0,0,0,0,0,0,0,2,0,0,0,0,24,0,8,19,0,51,0,0,68,1,0,0,0,0,0,0,170,0,0,1,0,0,0,0,0,0,0,0,0,0,52,0,0,0,"1A",1,8,"A","8A",29,"July",14,188,500,"TGCCGAGTAATC","CCGGACTACHVGGGTWTCTAAT","Run2",2,171.534,-45.83,501,63.29,1.52,22,8,"DEEP"
"8","1A.12.14",0,0,0,0,1,28,1,15,13,0,4,2,0,0,0,2,2,51,1,38,175,2,3,2,103,18,7,0,18,0,0,10,15,172,66,1,15,0,4,0,6,0,0,0,0,4,"1A",1,8,"A","8A",19,"December",14,353,0,"CCGACATTGTAG","CCGGACTACHVGGGTWTCTAAT","Run2",3,171.533,-45.83,5,63.8,0.98,11,0,"SURFACE"
"9","1A.12.14.500",3,0,2,0,0,0,0,1,0,1,0,0,0,0,0,41,0,20,0,4,112,3,0,0,15,26,11,0,0,0,0,10,8,1,40,38,4,0,0,15,6,0,0,10,0,0,"1A",1,8,"A","8A",19,"December",14,353,500,"GTAGGAACCGGA","CCGGACTACHVGGGTWTCTAAT","Run2",3,171.533,-45.83,489,63.8,1.22,16.6,3.4,"DEEP"
"10","1B.03.15",9,2,0,0,1,104,1,19,30,0,0,0,0,0,0,15,4,85,0,97,1245,21,0,0,3,0,1,0,0,0,1,90,1,1,50,86,0,3,0,0,13,0,0,3,0,0,"1B",1,8,"B","8B",10,"March",15,434,0,"ACTAGCGTTCAG","CCGGACTACHVGGGTWTCTAAT","Run2",4,171.534,-45.83,5,63.61,0.86,8.7,0.28,"SURFACE"
"11","1B.03.15.500",0,0,0,0,0,44,0,13,39,0,0,0,0,2,1,1,0,29,4,67,153,96,0,0,236,6,0,0,0,0,0,5,562,147,405,4,0,0,0,0,9,0,0,5,0,1,"1B",1,8,"B","8B",10,"March",15,434,500,"ACACCTGCGATC","CCGGACTACHVGGGTWTCTAAT","Run2",4,171.534,-45.83,500,63.61,1.36,12.9,4.63,"DEEP"
"13","1B.06.14",2,0,0,0,0,8,0,49,5,0,0,0,0,0,0,15,17,52,0,85,720,13,0,0,3,1,2,0,3,0,0,86,3,14,59,86,1,9,0,9,18,1,0,36,2,0,"1B",1,8,"B","8B",3,"June",14,154,0,"GCTGTCGTCAAC","CCGGACTACHVGGGTWTCTAAT","Run2",1,171.532,-45.829,5,63.28,0.99,11.5,1.1,"SURFACE"
"14","1B.06.14.500",22,0,0,0,0,0,0,0,0,0,0,0,0,0,0,11,0,47,0,0,31,0,0,0,0,0,0,0,32,6,0,9,0,0,0,57,0,0,0,0,0,0,0,23,0,0,"1B",1,8,"B","8B",3,"June",14,154,500,"GTCAACGCTGTC","CCGGACTACHVGGGTWTCTAAT","Run2",1,171.532,-45.829,501,63.28,1.19,16.7,3.9,"DEEP"
"15","1B.07.14",3,0,0,0,0,5,0,20,0,0,0,0,0,0,0,26,33,59,0,68,589,16,1,0,4,0,0,0,0,0,0,73,0,6,36,103,6,14,0,7,10,1,0,55,1,0,"1B",1,8,"B","8B",29,"July",14,188,0,"GTAACCACCACC","CCGGACTACHVGGGTWTCTAAT","Run2",2,171.534,-45.83,5,63.29,1.02,14.2,1.7,"SURFACE"
"16","1B.12.14",1,0,0,2,1,30,2,13,13,0,1,2,0,1,1,1,1,54,0,64,154,1,0,0,157,15,6,0,1,0,0,3,11,176,65,2,3,0,0,1,2,0,0,2,0,2,"1B",1,8,"B","8B",19,"December",14,353,0,"CATGTAAGGCTC","CCGGACTACHVGGGTWTCTAAT","Run2",3,171.533,-45.83,5,63.8,0.98,11,0,"SURFACE"
"17","1B.12.14.500",6,0,2,0,0,0,0,0,1,0,0,0,1,0,0,26,0,15,0,1,76,5,0,0,8,27,5,0,0,0,0,10,9,10,31,51,9,0,0,13,4,0,0,8,0,0,"1B",1,8,"B","8B",19,"December",14,353,500,"ACATCTAGCAGA","CCGGACTACHVGGGTWTCTAAT","Run2",3,171.533,-45.83,489,63.8,1.22,16.6,3.4,"DEEP"
"18","d8.1",10,0,0,0,0,4,0,0,3,0,0,0,0,0,0,0,0,21,0,21,151,67,0,0,16,3,0,0,0,0,0,37,0,7,33,63,8,0,0,11,2,13,0,24,0,0,"8A",1,8,"A","8A",28,"January",2014,1,500,"TCCGTGGTATAG","CCGGACTACHVGGGTWTCTAAT","Run1",0,171.558,-45.839,500,65.37,1.3,19.1,7.5,"DEEP"
"19","d8.2",0,0,0,0,0,3,0,0,1,0,0,0,0,0,0,11,1,29,0,5,137,18,0,0,1,0,0,0,0,0,0,13,0,0,17,44,2,0,0,31,9,0,0,6,5,0,"8B",1,8,"B","8B",28,"January",2014,1,500,"TCTACGGCACGT","CCGGACTACHVGGGTWTCTAAT","Run1",0,171.558,-45.839,500,65.37,1.3,19.1,7.5,"DEEP"
"20","S8.1",12,0,0,0,0,30,0,8,6,0,0,0,0,0,0,1,16,36,0,109,843,167,0,0,14,4,0,0,0,0,0,29,2,3,42,64,2,17,0,0,2,0,0,6,68,0,"8A",1,8,"A","8A",28,"January",2014,1,0,"GAGTACAGTCTA","CCGGACTACHVGGGTWTCTAAT","Run1",0,171.558,-45.839,5,65.37,0.7,10.6,0.4,"SURFACE"
"21","S8.2",13,0,0,0,0,31,0,4,6,0,0,0,0,0,0,2,16,33,0,95,856,261,0,0,12,1,0,0,0,0,0,33,1,2,47,65,0,16,0,1,6,0,0,2,102,0,"8B",1,8,"B","8B",28,"January",2014,1,0,"CCTACATGAGAC","CCGGACTACHVGGGTWTCTAAT","Run1",0,171.558,-45.839,5,65.37,0.7,10.6,0.4,"SURFACE"
