"","SampleID","D_5__Candidatus Nitrosopumilus","D_5__marine metagenome","D_5__uncultured archaeon","D_5__uncultured crenarchaeote","D_5__uncultured crenarchaeote ODPB-A9","D_5__uncultured marine archaeon","D_5__uncultured marine group I thaumarchaeote","D_5__unidentified archaeon PM7","Station","Kim_Station","Published_station","Replicate","Published_ID","Day","Month","Year","Time","Depth","BarcodeSequence","LinkerPrimerSequence","Description","Sample_day","LonE","LatN","Depth2","Distance.km_from_TH.","Temperature","Salinity","Phosphate","Nitrate","Silicate","Water_mass"
"1","1A.03.15",0,0,0,0,0,1,0,0,"1A",1,8,"A","8A",10,"March",15,434,0,"GGCGTTGCATTC","CCGGACTACHVGGGTWTCTAAT","Run2",4,171.534,-45.83,5,63.61,12.3,34.375,0.86,8.7,0.28,"SURFACE"
"2","1A.03.15.500",160,10,411,1,0,635,59,18,"1A",1,8,"A","8A",10,"March",15,434,500,"GAAGACAGCGAC","CCGGACTACHVGGGTWTCTAAT","Run2",4,171.534,-45.83,500,63.61,7.5,34.422,1.36,12.9,4.63,"DEEP"
"3","1A.04.15",0,0,1,0,0,2,0,0,"1A",1,8,"A","8A",21,"April",15,476,0,"TTGCGGACCCTA","CCGGACTACHVGGGTWTCTAAT","Run2",5,171.534,-45.829,5,63.35,10.9,34.311,0.94,10,0.55,"SURFACE"
"4","1A.06.14",9,0,9,0,0,23,0,0,"1A",1,8,"A","8A",3,"June",14,154,0,"ACAGGAGGGTGT","CCGGACTACHVGGGTWTCTAAT","Run2",1,171.532,-45.829,5,63.28,9.7,34.229,0.99,11.5,1.1,"SURFACE"
"5","1A.06.14.500",207,44,182,0,0,631,4,20,"1A",1,8,"A","8A",3,"June",14,154,500,"TAGACCGACTCC","CCGGACTACHVGGGTWTCTAAT","Run2",1,171.532,-45.829,501,63.28,7.1,34.36,1.19,16.7,3.9,"DEEP"
"6","1A.07.14",23,0,28,0,0,72,0,0,"1A",1,8,"A","8A",29,"July",14,188,0,"ACCTTGACAAGA","CCGGACTACHVGGGTWTCTAAT","Run2",2,171.534,-45.83,5,63.29,8.4,34.25,1.02,14.2,1.7,"SURFACE"
"7","1A.07.14.500",73,0,361,2,0,648,22,51,"1A",1,8,"A","8A",29,"July",14,188,500,"TGCCGAGTAATC","CCGGACTACHVGGGTWTCTAAT","Run2",2,171.534,-45.83,501,63.29,6.6,34.33,1.52,22,8,"DEEP"
"8","1A.12.14",0,0,0,0,0,0,0,0,"1A",1,8,"A","8A",19,"December",14,353,0,"CCGACATTGTAG","CCGGACTACHVGGGTWTCTAAT","Run2",3,171.533,-45.83,5,63.8,11.4,34.302,0.98,11,0,"SURFACE"
"9","1A.12.14.500",185,13,151,0,1,547,6,10,"1A",1,8,"A","8A",19,"December",14,353,500,"GTAGGAACCGGA","CCGGACTACHVGGGTWTCTAAT","Run2",3,171.533,-45.83,489,63.8,7.3,34.381,1.22,16.6,3.4,"DEEP"
"10","1B.03.15",0,0,0,0,0,0,0,0,"1B",1,8,"B","8B",10,"March",15,434,0,"ACTAGCGTTCAG","CCGGACTACHVGGGTWTCTAAT","Run2",4,171.534,-45.83,5,63.61,12.3,34.375,0.86,8.7,0.28,"SURFACE"
"11","1B.03.15.500",0,0,0,0,0,0,0,0,"1B",1,8,"B","8B",10,"March",15,434,500,"ACACCTGCGATC","CCGGACTACHVGGGTWTCTAAT","Run2",4,171.534,-45.83,500,63.61,7.5,34.422,1.36,12.9,4.63,"DEEP"
"13","1B.06.14",7,0,9,0,0,20,0,0,"1B",1,8,"B","8B",3,"June",14,154,0,"GCTGTCGTCAAC","CCGGACTACHVGGGTWTCTAAT","Run2",1,171.532,-45.829,5,63.28,9.7,34.229,0.99,11.5,1.1,"SURFACE"
"14","1B.06.14.500",197,7,134,0,0,530,27,0,"1B",1,8,"B","8B",3,"June",14,154,500,"GTCAACGCTGTC","CCGGACTACHVGGGTWTCTAAT","Run2",1,171.532,-45.829,501,63.28,7.1,34.36,1.19,16.7,3.9,"DEEP"
"15","1B.07.14",18,0,23,0,0,62,0,0,"1B",1,8,"B","8B",29,"July",14,188,0,"GTAACCACCACC","CCGGACTACHVGGGTWTCTAAT","Run2",2,171.534,-45.83,5,63.29,8.4,34.25,1.02,14.2,1.7,"SURFACE"
"16","1B.12.14",1,0,0,0,0,0,0,0,"1B",1,8,"B","8B",19,"December",14,353,0,"CATGTAAGGCTC","CCGGACTACHVGGGTWTCTAAT","Run2",3,171.533,-45.83,5,63.8,11.4,34.302,0.98,11,0,"SURFACE"
"17","1B.12.14.500",205,16,174,1,1,560,8,12,"1B",1,8,"B","8B",19,"December",14,353,500,"ACATCTAGCAGA","CCGGACTACHVGGGTWTCTAAT","Run2",3,171.533,-45.83,489,63.8,7.3,34.381,1.22,16.6,3.4,"DEEP"
"20","S8.1",1,0,0,0,0,2,0,0,"8A",1,8,"A","8A",28,"January",2014,1,0,"GAGTACAGTCTA","CCGGACTACHVGGGTWTCTAAT","Run1",0,171.558,-45.839,5,65.37,12.6,34.279,0.7,10.6,0.4,"SURFACE"
"21","S8.2",0,0,0,0,0,0,0,0,"8B",1,8,"B","8B",28,"January",2014,1,0,"CCTACATGAGAC","CCGGACTACHVGGGTWTCTAAT","Run1",0,171.558,-45.839,5,65.37,12.6,34.279,0.7,10.6,0.4,"SURFACE"
